{
  "models": {
    "llava": {
      "hi-chy-annotator_instructions-3": {
        "cer": {
          "min": 0.0,
          "max": 1.0,
          "avg": 0.4992204687905017,
          "std": 0.34978693272172606
        },
        "wer": {
          "min": 0.0,
          "max": 9.0,
          "avg": 3.140541319232594,
          "std": 2.3951539937216406
        },
        "cer_lower": {
          "min": 0.0,
          "max": 1.0,
          "avg": 0.3211063303332178,
          "std": 0.40406803308258377
        },
        "wer_lower": {
          "min": 0.0,
          "max": 9.0,
          "avg": 1.8244796962917766,
          "std": 2.7173980827925983
        },
        "total_frames": 149
      },
      "hi-chy-annotator_instructions-4": {
        "cer": {
          "min": 0.0,
          "max": 21.57894736842105,
          "avg": 0.9938793383089178,
          "std": 2.515958119279794
        },
        "wer": {
          "min": 0.0,
          "max": 112.0,
          "avg": 5.714392996255742,
          "std": 13.086974270447215
        },
        "cer_lower": {
          "min": 0.0,
          "max": 21.526315789473685,
          "avg": 0.7248857470267952,
          "std": 2.535975946032188
        },
        "wer_lower": {
          "min": 0.0,
          "max": 110.75,
          "avg": 3.886387686387686,
          "std": 13.245589506932754
        },
        "total_frames": 153
      }
    },
    "smol-vlm2": {
      "hi-chy-annotator_instructions-3": {
        "cer": {
          "min": 0.0,
          "max": 9.5,
          "avg": 0.9719389698358877,
          "std": 2.0042466073057903
        },
        "wer": {
          "min": 0.0,
          "max": 58.25,
          "avg": 6.167452772354734,
          "std": 12.830873294365992
        },
        "cer_lower": {
          "min": 0.0,
          "max": 8.75,
          "avg": 0.7875157750939686,
          "std": 1.912287875943952
        },
        "wer_lower": {
          "min": 0.0,
          "max": 55.75,
          "avg": 4.8667673466693095,
          "std": 12.3826909803491
        },
        "total_frames": 153
      },
      "hi-chy-annotator_instructions-4": {
        "cer": {
          "min": 0.0,
          "max": 8.333333333333334,
          "avg": 0.30844361896081396,
          "std": 0.7095522531497895
        },
        "wer": {
          "min": 0.0,
          "max": 45.5,
          "avg": 1.8246498599439775,
          "std": 4.057725144644599
        },
        "cer_lower": {
          "min": 0.0,
          "max": 7.666666666666667,
          "avg": 0.14042253192380566,
          "std": 0.6257971897936753
        },
        "wer_lower": {
          "min": 0.0,
          "max": 41.5,
          "avg": 0.6137955182072831,
          "std": 3.4117914297655134
        },
        "total_frames": 153
      }
    },
    "llava-run-2": {
      "hi-chy-annotator_instructions-3": {
        "cer": {
          "min": 0.0,
          "max": 2.7857142857142856,
          "avg": 0.37308787134698934,
          "std": 0.31399708631497475
        },
        "wer": {
          "min": 0.0,
          "max": 19.25,
          "avg": 2.303331399900026,
          "std": 2.210671703658858
        },
        "cer_lower": {
          "min": 0.0,
          "max": 2.4642857142857144,
          "avg": 0.13931805834682373,
          "std": 0.23630918259568176
        },
        "wer_lower": {
          "min": 0.0,
          "max": 16.75,
          "avg": 0.5672415093983723,
          "std": 1.5630600186468373
        },
        "total_frames": 153
      },
      "hi-chy-annotator_instructions-4": {
        "cer": {
          "min": 0.0,
          "max": 21.63157894736842,
          "avg": 0.9723713258319548,
          "std": 2.4469030420450806
        },
        "wer": {
          "min": 0.0,
          "max": 105.25,
          "avg": 5.589229597562931,
          "std": 12.627596579584358
        },
        "cer_lower": {
          "min": 0.0,
          "max": 21.57894736842105,
          "avg": 0.703105403395148,
          "std": 2.468418180597028
        },
        "wer_lower": {
          "min": 0.0,
          "max": 104.0,
          "avg": 3.7595903007667717,
          "std": 12.795288681823672
        },
        "total_frames": 153
      }
    },
    "smol-vlm2-run-2": {
      "hi-chy-annotator_instructions-3": {
        "cer": {
          "min": 0.0,
          "max": 9.5,
          "avg": 0.9719389698358877,
          "std": 2.0042466073057903
        },
        "wer": {
          "min": 0.0,
          "max": 58.25,
          "avg": 6.167452772354734,
          "std": 12.830873294365992
        },
        "cer_lower": {
          "min": 0.0,
          "max": 8.75,
          "avg": 0.7875157750939686,
          "std": 1.912287875943952
        },
        "wer_lower": {
          "min": 0.0,
          "max": 55.75,
          "avg": 4.8667673466693095,
          "std": 12.3826909803491
        },
        "total_frames": 153
      },
      "hi-chy-annotator_instructions-4": {
        "cer": {
          "min": 0.0,
          "max": 8.333333333333334,
          "avg": 0.30844361896081396,
          "std": 0.7095522531497895
        },
        "wer": {
          "min": 0.0,
          "max": 45.5,
          "avg": 1.8246498599439775,
          "std": 4.057725144644599
        },
        "cer_lower": {
          "min": 0.0,
          "max": 7.666666666666667,
          "avg": 0.14042253192380566,
          "std": 0.6257971897936753
        },
        "wer_lower": {
          "min": 0.0,
          "max": 41.5,
          "avg": 0.6137955182072831,
          "std": 3.4117914297655134
        },
        "total_frames": 153
      }
    },
    "llava-run-3": {
      "hi-chy-annotator_instructions-3": {
        "cer": {
          "min": 0.0,
          "max": 2.7857142857142856,
          "avg": 0.37308787134698934,
          "std": 0.31399708631497475
        },
        "wer": {
          "min": 0.0,
          "max": 19.25,
          "avg": 2.303331399900026,
          "std": 2.210671703658858
        },
        "cer_lower": {
          "min": 0.0,
          "max": 2.4642857142857144,
          "avg": 0.13931805834682373,
          "std": 0.23630918259568176
        },
        "wer_lower": {
          "min": 0.0,
          "max": 16.75,
          "avg": 0.5672415093983723,
          "std": 1.5630600186468373
        },
        "total_frames": 153
      },
      "hi-chy-annotator_instructions-4": {
        "cer": {
          "min": 0.0,
          "max": 21.63157894736842,
          "avg": 0.9723713258319548,
          "std": 2.4469030420450806
        },
        "wer": {
          "min": 0.0,
          "max": 105.25,
          "avg": 5.589229597562931,
          "std": 12.627596579584358
        },
        "cer_lower": {
          "min": 0.0,
          "max": 21.57894736842105,
          "avg": 0.703105403395148,
          "std": 2.468418180597028
        },
        "wer_lower": {
          "min": 0.0,
          "max": 104.0,
          "avg": 3.7595903007667717,
          "std": 12.795288681823672
        },
        "total_frames": 153
      }
    },
    "llava-run-4": {
      "hi-chy-annotator_instructions-3": {
        "cer": {
          "min": 0.0,
          "max": 2.7857142857142856,
          "avg": 0.37308787134698934,
          "std": 0.31399708631497475
        },
        "wer": {
          "min": 0.0,
          "max": 19.25,
          "avg": 2.303331399900026,
          "std": 2.210671703658858
        },
        "cer_lower": {
          "min": 0.0,
          "max": 2.4642857142857144,
          "avg": 0.13931805834682373,
          "std": 0.23630918259568176
        },
        "wer_lower": {
          "min": 0.0,
          "max": 16.75,
          "avg": 0.5672415093983723,
          "std": 1.5630600186468373
        },
        "total_frames": 153
      },
      "hi-chy-annotator_instructions-4": {
        "cer": {
          "min": 0.0,
          "max": 21.63157894736842,
          "avg": 0.9723713258319548,